<?xml version="1.0" encoding="UTF-8"?>

<Warnings> 
  <Warning xpath="id('sv3#lou2')" rootXPath="id('sv3')" error="false" label="Logout requester" key="NO_OUTGOING_KO_LINKS"> 
    <Message>No outgoing KO flow(s) for the operation 'Logout requester'</Message> 
  </Warning>  
  <Warning xpath="id('sv3#cru2')" rootXPath="id('sv3')" error="false" label="Create Campaign" key="NO_OUTGOING_KO_LINKS"> 
    <Message>No outgoing KO flow(s) for the operation 'Create Campaign'</Message> 
  </Warning>  
  <Warning error="false" xpath="id('sv3#area2#page7#pwu2')" rootXPath="id('sv3')" key="UNSPECIFIED_SORTING_ATTRIBUTE" label="Campaigns"> 
    <Message>Sorting attribute are unspecified for the component 'Campaigns'</Message> 
  </Warning> 
</Warnings>
