<?xml version="1.0" encoding="UTF-8"?>

<DBMetaData driverMajorVersion="9" driverMinorVersion="3" driverVersion="PostgreSQL 9.3 JDBC3g (build 1103)" productVersion="9.4.4" identifierQuoteString="&quot;" transactionLevel="Read Committed" driverName="PostgreSQL Native Driver" productName="PostgreSQL">
  <Schema name="information_schema"/>
  <Schema name="pg_catalog"/>
  <Schema name="public"/>
  <Table type="TABLE" schema="public" ignoreIndexes="false" name="annotation" refreshed="true">
    <Column sqlTypeId="4" indexed="unknown" autoIncrement="false" type="int4" size="10" decimalDigits="0" name="oid" primaryKey="true" notNull="true"/>
    <Column sqlTypeId="12" indexed="unknown" autoIncrement="false" type="varchar" size="255" decimalDigits="0" name="label" primaryKey="false" notNull="false"/>
    <Column sqlTypeId="4" indexed="unknown" autoIncrement="false" type="int4" size="10" decimalDigits="0" name="confidence" primaryKey="false" notNull="false"/>
    <Column sqlTypeId="4" indexed="unknown" autoIncrement="false" type="int4" size="10" decimalDigits="0" name="itemid" primaryKey="false" notNull="false"/>
  </Table>
  <Table type="TABLE" schema="public" ignoreIndexes="false" name="campaign" refreshed="true">
    <Column sqlTypeId="4" indexed="unknown" autoIncrement="false" type="int4" size="10" decimalDigits="0" name="oid" primaryKey="true" notNull="true"/>
    <Column sqlTypeId="12" indexed="unknown" autoIncrement="false" type="varchar" size="255" decimalDigits="0" name="name" primaryKey="false" notNull="false"/>
    <Column sqlTypeId="2" indexed="unknown" autoIncrement="false" type="numeric" size="19" decimalDigits="2" name="budget" primaryKey="false" notNull="false"/>
    <Column sqlTypeId="-7" indexed="unknown" autoIncrement="false" type="bool" size="1" decimalDigits="0" name="status" primaryKey="false" notNull="false"/>
    <Column sqlTypeId="4" indexed="unknown" autoIncrement="false" type="int4" size="10" decimalDigits="0" name="requester_oid" primaryKey="false" notNull="false"/>
    <Column sqlTypeId="-7" indexed="unknown" autoIncrement="false" type="bool" size="1" decimalDigits="0" name="open" primaryKey="false" notNull="false"/>
    <Column sqlTypeId="4" indexed="unknown" autoIncrement="false" type="int4" size="10" decimalDigits="0" name="task_oid" primaryKey="false" notNull="false"/>
  </Table>
  <Table type="TABLE" schema="public" ignoreIndexes="false" name="group" refreshed="true">
    <Column sqlTypeId="4" indexed="unknown" autoIncrement="false" type="int4" size="10" decimalDigits="0" name="oid" primaryKey="true" notNull="true"/>
    <Column sqlTypeId="12" indexed="unknown" autoIncrement="false" type="varchar" size="255" decimalDigits="0" name="groupname" primaryKey="false" notNull="false"/>
    <Column sqlTypeId="4" indexed="unknown" autoIncrement="false" type="int4" size="10" decimalDigits="0" name="module_oid" primaryKey="false" notNull="false"/>
  </Table>
  <Table type="TABLE" schema="public" ignoreIndexes="false" name="group_module" refreshed="true">
    <Column sqlTypeId="4" indexed="unknown" autoIncrement="false" type="int4" size="10" decimalDigits="0" name="group_oid" primaryKey="true" notNull="true"/>
    <Column sqlTypeId="4" indexed="unknown" autoIncrement="false" type="int4" size="10" decimalDigits="0" name="module_oid" primaryKey="true" notNull="true"/>
  </Table>
  <Table type="TABLE" schema="public" ignoreIndexes="false" name="item" refreshed="true">
    <Column sqlTypeId="4" indexed="unknown" autoIncrement="false" type="int4" size="10" decimalDigits="0" name="oid" primaryKey="true" notNull="true"/>
    <Column sqlTypeId="12" indexed="unknown" autoIncrement="false" type="varchar" size="255" decimalDigits="0" name="title" primaryKey="false" notNull="false"/>
    <Column sqlTypeId="12" indexed="unknown" autoIncrement="false" type="text" size="2147483647" decimalDigits="0" name="caption" primaryKey="false" notNull="false"/>
    <Column sqlTypeId="12" indexed="unknown" autoIncrement="false" type="varchar" size="255" decimalDigits="0" name="imageurl" primaryKey="false" notNull="false"/>
    <Column sqlTypeId="4" indexed="unknown" autoIncrement="false" type="int4" size="10" decimalDigits="0" name="annotation_oid" primaryKey="false" notNull="false"/>
    <Column sqlTypeId="4" indexed="unknown" autoIncrement="false" type="int4" size="10" decimalDigits="0" name="taskid" primaryKey="false" notNull="false"/>
  </Table>
  <Table type="TABLE" schema="public" ignoreIndexes="false" name="module" refreshed="true">
    <Column sqlTypeId="4" indexed="unknown" autoIncrement="false" type="int4" size="10" decimalDigits="0" name="oid" primaryKey="true" notNull="true"/>
    <Column sqlTypeId="12" indexed="unknown" autoIncrement="false" type="varchar" size="255" decimalDigits="0" name="moduleid" primaryKey="false" notNull="false"/>
    <Column sqlTypeId="12" indexed="unknown" autoIncrement="false" type="varchar" size="255" decimalDigits="0" name="modulename" primaryKey="false" notNull="false"/>
  </Table>
  <Table type="TABLE" schema="public" ignoreIndexes="false" name="requester" refreshed="true">
    <Column sqlTypeId="4" indexed="unknown" autoIncrement="false" type="int4" size="10" decimalDigits="0" name="user_oid" primaryKey="true" notNull="true"/>
    <Column sqlTypeId="12" indexed="unknown" autoIncrement="false" type="varchar" size="255" decimalDigits="0" name="name" primaryKey="false" notNull="false"/>
    <Column sqlTypeId="91" indexed="unknown" autoIncrement="false" type="date" size="13" decimalDigits="0" name="birthdate" primaryKey="false" notNull="false"/>
  </Table>
  <Table type="TABLE" schema="public" ignoreIndexes="false" name="task" refreshed="true">
    <Column sqlTypeId="4" indexed="unknown" autoIncrement="false" type="int4" size="10" decimalDigits="0" name="oid" primaryKey="true" notNull="true"/>
    <Column sqlTypeId="12" indexed="unknown" autoIncrement="false" type="varchar" size="255" decimalDigits="0" name="title" primaryKey="false" notNull="false"/>
    <Column sqlTypeId="12" indexed="unknown" autoIncrement="false" type="text" size="2147483647" decimalDigits="0" name="description" primaryKey="false" notNull="false"/>
    <Column sqlTypeId="8" indexed="unknown" autoIncrement="false" type="float8" size="17" decimalDigits="17" name="reward" primaryKey="false" notNull="false"/>
    <Column sqlTypeId="91" indexed="unknown" autoIncrement="false" type="date" size="13" decimalDigits="0" name="deadline" primaryKey="false" notNull="false"/>
    <Column sqlTypeId="4" indexed="unknown" autoIncrement="false" type="int4" size="10" decimalDigits="0" name="campaignid" primaryKey="false" notNull="false"/>
    <Column sqlTypeId="-7" indexed="unknown" autoIncrement="false" type="bool" size="1" decimalDigits="0" name="accepted" primaryKey="false" notNull="false"/>
    <Column sqlTypeId="4" indexed="unknown" autoIncrement="false" type="int4" size="10" decimalDigits="0" name="workerid" primaryKey="false" notNull="false"/>
    <Column sqlTypeId="2" indexed="unknown" autoIncrement="false" type="numeric" size="19" decimalDigits="2" name="reward_2" primaryKey="false" notNull="false"/>
    <Column sqlTypeId="4" indexed="unknown" autoIncrement="false" type="int4" size="10" decimalDigits="0" name="item_oid" primaryKey="false" notNull="false"/>
  </Table>
  <Table type="TABLE" schema="public" ignoreIndexes="false" name="user" refreshed="true">
    <Column sqlTypeId="4" indexed="unknown" autoIncrement="false" type="int4" size="10" decimalDigits="0" name="oid" primaryKey="true" notNull="true"/>
    <Column sqlTypeId="12" indexed="unknown" autoIncrement="false" type="varchar" size="255" decimalDigits="0" name="username" primaryKey="false" notNull="false"/>
    <Column sqlTypeId="12" indexed="unknown" autoIncrement="false" type="varchar" size="255" decimalDigits="0" name="password" primaryKey="false" notNull="false"/>
    <Column sqlTypeId="12" indexed="unknown" autoIncrement="false" type="varchar" size="255" decimalDigits="0" name="email" primaryKey="false" notNull="false"/>
    <Column sqlTypeId="4" indexed="unknown" autoIncrement="false" type="int4" size="10" decimalDigits="0" name="group_oid" primaryKey="false" notNull="false"/>
  </Table>
  <Table type="TABLE" schema="public" ignoreIndexes="false" name="user_group" refreshed="true">
    <Column sqlTypeId="4" indexed="unknown" autoIncrement="false" type="int4" size="10" decimalDigits="0" name="user_oid" primaryKey="true" notNull="true"/>
    <Column sqlTypeId="4" indexed="unknown" autoIncrement="false" type="int4" size="10" decimalDigits="0" name="group_oid" primaryKey="true" notNull="true"/>
  </Table>
  <Table type="TABLE" schema="public" ignoreIndexes="false" name="worker" refreshed="true">
    <Column sqlTypeId="4" indexed="unknown" autoIncrement="false" type="int4" size="10" decimalDigits="0" name="user_oid" primaryKey="true" notNull="true"/>
    <Column sqlTypeId="12" indexed="unknown" autoIncrement="false" type="varchar" size="255" decimalDigits="0" name="name" primaryKey="false" notNull="false"/>
    <Column sqlTypeId="91" indexed="unknown" autoIncrement="false" type="date" size="13" decimalDigits="0" name="birthdate" primaryKey="false" notNull="false"/>
    <Column sqlTypeId="2" indexed="unknown" autoIncrement="false" type="numeric" size="19" decimalDigits="2" name="piggybank" primaryKey="false" notNull="false"/>
  </Table>
  <Table type="TABLE" schema="public" ignoreIndexes="false" name="worker_task" refreshed="true">
    <Column sqlTypeId="4" indexed="unknown" autoIncrement="false" type="int4" size="10" decimalDigits="0" name="worker_oid" primaryKey="true" notNull="true"/>
    <Column sqlTypeId="4" indexed="unknown" autoIncrement="false" type="int4" size="10" decimalDigits="0" name="task_oid" primaryKey="true" notNull="true"/>
  </Table>
</DBMetaData>
