<?xml version="1.0" encoding="UTF-8"?>

<DBError statementIndex="0">
  <ErrorMessage>org.postgresql.util.PSQLException: ERROR: column "item_oid" of relation "task" already exists</ErrorMessage>
  <Comment> Item_Task [rel4]</Comment>
  <Statement> alter table "public"."task"  add column  "item_oid"  int4</Statement>
  <ErrorMessage>org.postgresql.util.PSQLException: ERROR: column "item_oid" of relation "task" already exists</ErrorMessage>
  <StackTrace>com.webratio.commons.db.DBException: org.postgresql.util.PSQLException: ERROR: column "item_oid" of relation "task" already exists
	at com.webratio.commons.db.utils.DBUtils.execute(DBUtils.java:546)
	at com.webratio.commons.db.utils.DBUtils.executeScriptFiles(DBUtils.java:442)
	at com.webratio.commons.db.utils.DBUtils.main(DBUtils.java:257)
Caused by: org.postgresql.util.PSQLException: ERROR: column "item_oid" of relation "task" already exists
	at org.postgresql.core.v3.QueryExecutorImpl.receiveErrorResponse(QueryExecutorImpl.java:2198)
	at org.postgresql.core.v3.QueryExecutorImpl.processResults(QueryExecutorImpl.java:1927)
	at org.postgresql.core.v3.QueryExecutorImpl.execute(QueryExecutorImpl.java:255)
	at org.postgresql.jdbc2.AbstractJdbc2Statement.execute(AbstractJdbc2Statement.java:562)
	at org.postgresql.jdbc2.AbstractJdbc2Statement.executeWithFlags(AbstractJdbc2Statement.java:406)
	at org.postgresql.jdbc2.AbstractJdbc2Statement.execute(AbstractJdbc2Statement.java:398)
	at com.webratio.commons.db.utils.DBUtils.execute(DBUtils.java:523)
	... 2 more
</StackTrace></DBError>