<?xml version="1.0" encoding="UTF-8"?>

<Warnings> 
  <Warning xpath="id('sv2#area1#page18#inu3#ln48#par79')" rootXPath="id('sv2')" error="true" label="oid_current oid" key="UNKNOWN_INPUT_OUTPUT_PARAMETER"> 
    <Message>The parameter binding 'oid_current oid' references an input parameter 'sv2#area1#page21#inu4.current.ent9#att29' not provided by the flow's target</Message>  
    <Resolution class="com.webratio.ide.ui.resources.RemoveElementResolutionGenerator">Remove the invalid link parameter</Resolution> 
  </Warning>  
  <Warning xpath="id('sv2#mfu4#oln7')" rootXPath="id('sv2')" key="AUTOMATIC_COUPLING_WITHOUT_EFFECT" label="Task Claimed!"> 
    <Message>Neither explicit nor implicit parameters' bindings could be found for the flow 'Task Claimed!'</Message>  
    <Resolution class="com.webratio.ide.ui.resources.ChangeAttributeResolutionGenerator" attribute="automaticCoupling" value="">Remove the 'Automatic Coupling' property</Resolution> 
  </Warning>  
  <Warning xpath="id('sv2#lou1')" rootXPath="id('sv2')" error="false" label="Logout worker" key="NO_OUTGOING_KO_LINKS"> 
    <Message>No outgoing KO flow(s) for the operation 'Logout worker'</Message> 
  </Warning>  
  <Warning xpath="id('sv2#mfu4')" rootXPath="id('sv2')" error="false" label="Confirm" key="NO_OUTGOING_KO_LINKS"> 
    <Message>No outgoing KO flow(s) for the operation 'Confirm'</Message> 
  </Warning>  
  <Warning xpath="id('sv2#cru6')" rootXPath="id('sv2')" error="false" label="Create Annotation" key="NO_OUTGOING_KO_LINKS"> 
    <Message>No outgoing KO flow(s) for the operation 'Create Annotation'</Message> 
  </Warning>  
  <Warning error="false" xpath="id('sv2#area1#page2#pwu5')" rootXPath="id('sv2')" key="UNSPECIFIED_SORTING_ATTRIBUTE" label="Open Tasks to Claim"> 
    <Message>Sorting attribute are unspecified for the component 'Open Tasks to Claim'</Message> 
  </Warning>  
  <Warning error="false" xpath="id('sv2#area1#page2#pwu5#su12#acond3')" rootXPath="id('sv2')" key="NOT_EQUAL_PREDICATE_WITH_OR" label="TasksOpen"> 
    <Message>Invalid combination of predicate 'Not Equal' and boolean operator 'Or' for the condition 'TasksOpen'</Message>  
    <Resolution message="Set boolean operator to 'and'" class="com.webratio.ide.ui.resources.ChangeAttributeResolutionGenerator" attribute="booleanOperator" value="and">Set boolean operator to 'and'</Resolution> 
  </Warning>  
  <Warning error="true" xpath="id('sv2#area1#page2#pwu5#su12#acond3')" rootXPath="id('sv2')" key="" label="TasksOpen"> 
    <Message>Invalid value '1' specified for the condition 'TasksOpen': 'true' or 'false' must be specified</Message> 
  </Warning>  
  <Warning error="false" xpath="id('sv2#area1#page2#inu1')" rootXPath="id('sv2')" key="UNSPECIFIED_SORTING_ATTRIBUTE" label="Claimed Task List"> 
    <Message>Sorting attribute are unspecified for the component 'Claimed Task List'</Message> 
  </Warning>  
  <Warning error="false" xpath="id('sv2#area1#page17#enu11#fld28')" rootXPath="id('sv2')" key="HIDDEN_FIELD_MODIFIABLE" label="UserID"> 
    <Message>The hidden field 'UserID' shouldn't be modifiable</Message>  
    <Resolution message="Set the field to not modifiable" class="com.webratio.ide.ui.resources.ChangeAttributeResolutionGenerator" attribute="modifiable" value="false">Set the field to not modifiable</Resolution> 
  </Warning>  
  <Warning error="false" xpath="id('sv2#area1#page18#inu3')" rootXPath="id('sv2')" key="UNSPECIFIED_SORTING_ATTRIBUTE" label="Items to Annotate"> 
    <Message>Sorting attribute are unspecified for the component 'Items to Annotate'</Message> 
  </Warning>  
  <Warning error="false" xpath="id('sv2#area1#page21#inu4')" rootXPath="id('sv2')" key="UNSPECIFIED_SORTING_ATTRIBUTE" label="List of Annotations"> 
    <Message>Sorting attribute are unspecified for the component 'List of Annotations'</Message> 
  </Warning> 
</Warnings>
